Indicatori in serie storica 1951-2011 ai confini dell'epoca;;;;;;;;
;;;;;;;;
Avvertenze;;;;;;;;
;;;;;;;;
Numero d'ordine ;Codice;Descrizione Indicatore;;Livello territoriale;Descrizione livello territoriale;;Simboli;Descrizione dei simboli
1;P1;Popolazione residente;;1;Comune;;-;Indicatore non applicabile per valore nullo o poco significativo del denominatore
2;P5;Incidenza superficie centri e nuclei ;;3;Regione;;.. ;Dato non ancora disponibile 
3;P6;Incidenza della popolazione residente nei nuclei e case sparse ;;4;Italia;;…;Dato non rilevato o non disponibile
4;P7;Densità demografica;;;;;….;La mancanza o esiguità del fenomeno rende i valori non significativi
5;P8;Rapporto di mascolinità;;;;;;
6;P9;Incidenza popolazione residente con meno di 6 anni;;;;;;
7;P10;Incidenza  popolazione residente di 75 anni e più;;;;;;
8;P11;Indice di dipendenza anziani;;;;;;
9;P12;Indice di dipendenza giovani;;;;;;
10;P13;Indice di vecchiaia;;;;;;
11;P14;Incidenza dei separati legalmente e dei  divorziati;;;;;;
12;S1;Incidenza di residenti stranieri;;;;;;
13;S2;Incidenza di minori stranieri;;;;;;
14;S3;Incidenza di coppie miste;;;;;;
15;S4;Tasso di occupazione straniera;;;;;;
16;S5;Rapporto occupazione italiana/straniera;;;;;;
17;S6;Rapporto disoccupazione italiana/straniera;;;;;;
18;S7;Indice di mobilità residenziale straniera;;;;;;
19;S8;Indice di frequenza scolastica straniera ;;;;;;
20;S9;Rapporto frequenza scolastica italiana/straniera;;;;;;
21;S10;Rapporto lavoro indipendente italiano/straniero;;;;;;
22;F1;Ampiezza media delle famiglie ;;;;;;
23;F2;Incidenza famiglie senza nuclei;;;;;;
24;F3;Incidenza famiglie con due o più nuclei;;;;;;
25;F4;Incidenza di giovani che vivono da soli;;;;;;
26;F5;Incidenza di famiglie monogenitoriali giovani ;;;;;;
27;F6;Incidenza di coppie giovani senza figli ;;;;;;
28;F7;Incidenza di coppie giovani con figli;;;;;;
29;F8;Incidenza di anziani soli;;;;;;
30;F9;Incidenza di famiglie monogenitoriali anziane;;;;;;
31;F10;Incidenza di coppie anziane senza figli ;;;;;;
32;F11;Incidenza di coppie anziane con figli;;;;;;
33;A1;Incidenza delle abitazioni in proprietà ;;;;;;
34;A2;Superficie media delle abitazioni occupate;;;;;;
35;A3;Potenzialità d'uso degli edifici;;;;;;
36;A4;Potenzialità di uso abitativo in centro abitato;;;;;;
37;A5;Potenzialità di uso abitativo in nucleo e case sparse ;;;;;;
38;A6;Età media del patrimonio abitativo recente;;;;;;
39;SS2;Indice di disponibilità dei servizi nell'abitazione;;;;;;
40;A8;Incidenza edifici in buono stato di conservazione ;;;;;;
41;A9;Incidenza edifici in pessimo stato di conservazione ;;;;;;
42;A10;Consistenza delle abitazioni storiche occupate;;;;;;
43;A11;Indice di espansione edilizia nei centri e nuclei abitati;;;;;;
44;A12;Metri quadrati per occupante nelle abitazioni occupate ;;;;;;
45;A13;Indice di sottoutilizzo delle abitazioni ;;;;;;
46;A14;Indice di affollamento delle abitazioni ;;;;;;
47;A15;Mobilità residenziale  ;;;;;;
48;SS1;Rapporto occupanti e stanze  delle abitazioni occupate da residenti;;;;;;
49;I1;Differenziali di genere per l'istruzione superiore;;;;;;
50;I2;Adulti in apprendimento permanente;;;;;;
51;I3;Rapporto adulti con diploma o laurea/licenza media ;;;;;;
52;I4;Incidenza  di analfabeti;;;;;;
53;I5;Uscita precoce dal sistema di istruzione e formazione;;;;;;
54;I6;Incidenza di adulti con titolo di studio superiore;;;;;;
55;I7;Incidenza di giovani con istruzione universitaria;;;;;;
56;I8;Livello di istruzione dei giovani 15-19 anni;;;;;;
57;I9;Incidenza di adulti con la licenza media;;;;;;
58;SS4;Incidenza di laureati e diplomati sulla popolazione di 6 e più anni;;;;;;
59;L1;Partecipazione al mercato del lavoro  maschile (*);;;;;;
60;L2;Partecipazione al mercato del lavoro  femminile (*);;;;;;
61;L3;Partecipazione al mercato del lavoro (*);;;;;;
62;L4;Incidenza giovani 15-29 anni che non studiano e non lavorano ;;;;;;
63;L5;Rapporto giovani attivi e non attivi (*);;;;;;
64;L6;Tasso di disoccupazione  maschile (*);;;;;;
65;L7;Tasso di disoccupazione femminile (*);;;;;;
66;L8;Tasso di disoccupazione (*);;;;;;
67;L9;Tasso di disoccupazione giovanile (*);;;;;;
68;L10;Tasso di occupazione  maschile (**);;;;;;
69;L11;Tasso di occupazione  femminile (**);;;;;;
70;L12;Tasso di occupazione  (**);;;;;;
71;L13;Indice di ricambio occupazionale;;;;;;
72;L14;Tasso di occupazione 15-29 anni ;;;;;;
73;L15;Incidenza dell'occupazione nel settore agricolo (***);;;;;;
74;L16;Incidenza dell'occupazione nel settore industriale (***);;;;;;
75;L17;Incidenza dell'occupazione nel settore terziario extracommercio (***);;;;;;
76;L18;Incidenza dell'occupazione nel settore commericale (***);;;;;;
77;SS3;Incidenza occupazione femminile nel settore terziario extracommercio (***);;;;;;
78;L19;Incidenza dell'occupazione in professioni ad alta-media specializzazione;;;;;;
79;L20;Incidenza dell'occupazione in professioni artigiane, operaie o agricole;;;;;;
80;L21;Incidenza dell'occupazione in professioni in professioni a basso livello di competenza;;;;;;
81;L22;Rapporto occupati indipendenti maschi/femmine ;;;;;;
82;M1;Mobilità giornaliera per studio o lavoro;;;;;;
83;M2;Mobilità fuori comune per studio o lavoro;;;;;;
84;M3;Mobilità occupazionale;;;;;;
85;M4;Mobilità studentesca;;;;;;
86;M5;Mobilità privata (uso mezzo privato);;;;;;
87;M6;Mobilità pubblica (uso mezzo pubblico);;;;;;
88;M7;Mobilità lenta (a piedi o in bicicletta);;;;;;
89;M8;Mobiliutà breve;;;;;;
90;M9;Mobilità lunga;;;;;;
91;V4;Incidenza di alloggi impropri;;;;;;
92;V5;Incidenza delle famiglie numerose;;;;;;
93;V6;Incidenza delle famiglie con potenziale disagio economico;;;;;;
94;V7;Incidenza popolazione in condizione di affollamento ;;;;;;
95;V8;Incidenza di giovani fuori dal mercato del lavoro e dalla formazione ;;;;;;
96;V9;Incidenza delle famigle in potenziale disagio di assistenza;;;;;;
;;;;;;;;
;;;;;;;;
;;;;;;;;
Avvertenze;;;;;;;;
1) I comuni estinti, riportati nella serie ai confini dell'epoca,  nel codice 2011 hanno assegnato un codice fittizio composto dal codice estinzione preceduto da 999;;;;;;;;
"2) Gli indicatori contrassegnate dal codice ""ss"" non sono presenti nel sistema ma calcolati appositamente per garantire una confrontabilità dal 1951 al 2011.";;;;;;;;
"3) La variabile ""Flag Comuni con variazioni (anno CP di primo confronto valido) "" è riferita ai soli comuni che hanno subito una variazione di territorio comportante un passaggio di popolazione nel periodo 1951-2011. L'anno indicato si riferisce al primo anno censuario della serie storica confrontabile con quelli successivi.";;;;;;;;
4) I dati delle regioni sono ottenuti aggregando i dati ai confini dell'epoca dei comuni ai confini regionali del 2011 (comprensivi dunque del passaggio di comuni dalle Marche all'Emilia Romagna avvenuto nel 2009).;;;;;;;;
(*) I dati del 1951 e 1961 si riferiscono ai residenti dai 10 anni ed oltre (in base alal definizione di popolazione attiva all'epoca dei due censimenti). I dati dal 1971 in poi sono stati invece rielaborati sulla base dei microdati  e sono stati calcolati assumendo come riferimento i residenti di 15 ed oltre (in base alla definizione della popolazione attiva dal 2001 in poi).;;;;;;;;
"(**) I dati della serie 1951-1971 sono calcolati ponendo al numeratore la varibile ""popolazione in condizione professionale""  (occupati + disoccupati) riferiti alla popolazione di 10 anni ed oltre nei primi due censimenti ed oltre 14 anni nel 1971. Dal 1981 in poi si riferiscono alla variabile ""occupati"" riferita alla popoalzione di 15 anni ed oltre.";;;;;;;;
"(***) I dati della serie 1951-1981 sono calcolati ponendo al numeratore la varibile ""popolazione in condizione professionale""  (occupati + disoccupati). Dal 1991 in poi si riferiscono alla variabile ""occupati"".";;;;;;;;
